Station Name,TORONTO,,,,,,
Province,ONTARIO,,,,,,
Latitude,43.67,,,,,,
Longitude,-79.4,,,,,,
Elevation,112.5,,,,,,
Climate Identifier,6158350,,,,,,
WMO Identifier,71266,,,,,,
TC Identifier,,,,,,,
,,,,,,,
Legend,,,,,,,
B,More than one occurrence and estimated,,,,,,
E,Estimated,,,,,,
M,Missing,,,,,,
S,More than one occurrence,,,,,,
T,Trace,,,,,,
[empty],No data available,,,,,,
^,The value displayed is based on incomplete data,,,,,,
,,,,,,,
Date/Time,Year,Month,Mean Temp (°C),,,,
1840-01,1840,1,,,,,
1840-02,1840,2,,,,,
1840-03,1840,3,1.2,,,,
1840-04,1840,4,6.7,,,,
1840-05,1840,5,12.4,,,,
1840-06,1840,6,15.8,,,,
1840-07,1840,7,19.5,,,,
1840-08,1840,8,19,,,,
1840-09,1840,9,12.6,,,,
1840-10,1840,10,7.4,,,,
1840-11,1840,11,2.1,,,,
1840-12,1840,12,-4.9,,,,
1841-01,1841,1,-4.5,,,,
1841-02,1841,2,-5.5,,,,
1841-03,1841,3,-2.3,,,,
1841-04,1841,4,4.3,,,,
1841-05,1841,5,11,,,,
1841-06,1841,6,19.4,,,,
1841-07,1841,7,19.2,,,,
1841-08,1841,8,18.7,,,,
1841-09,1841,9,16.1,,,,
1841-10,1841,10,5.7,,,,
1841-11,1841,11,1.3,,,,
1841-12,1841,12,-2,,,,
1842-01,1842,1,-2.9,,,,
1842-02,1842,2,-2.2,,,,
1842-03,1842,3,2.7,,,,
1842-04,1842,4,7,,,,
1842-05,1842,5,10.2,,,,
1842-06,1842,6,14.5,,,,
1842-07,1842,7,18.6,,,,
1842-08,1842,8,19.5,,,,
1842-09,1842,9,13.8,,,,
1842-10,1842,10,7.8,,,,
1842-11,1842,11,1,,,,
1842-12,1842,12,-3.8,,,,
1843-01,1843,1,-2.2,,,,
1843-02,1843,2,-8.6,,,,
1843-03,1843,3,-5.8,,,,
1843-04,1843,4,5.1,,,,
1843-05,1843,5,10.8,,,,
1843-06,1843,6,14.8,,,,
1843-07,1843,7,19,,,,
1843-08,1843,8,19.4,,,,
1843-09,1843,9,16.4,,,,
1843-10,1843,10,6.4,,,,
1843-11,1843,11,0.7,,,,
1843-12,1843,12,-0.7,,,,
1844-01,1844,1,-6.5,,,,
1844-02,1844,2,-3.6,,,,
1844-03,1844,3,0.2,,,,
1844-04,1844,4,9.3,,,,
1844-05,1844,5,13.2,,,,
1844-06,1844,6,16.1,,,,
1844-07,1844,7,19.5,,,,
1844-08,1844,8,18.4,,,,
1844-09,1844,9,15.4,,,,
1844-10,1844,10,6.6,,,,
1844-11,1844,11,1.9,,,,
1844-12,1844,12,-2.1,,,,
1845-01,1845,1,-3.2,,,,
1845-02,1845,2,-3.5,,,,
1845-03,1845,3,1.6,,,,
1845-04,1845,4,5.8,,,,
1845-05,1845,5,10.3,,,,
1845-06,1845,6,15.9,,,,
1845-07,1845,7,19.2,,,,
1845-08,1845,8,19.4,,,,
1845-09,1845,9,12.8,,,,
1845-10,1845,10,7.5,,,,
1845-11,1845,11,2.6,,,,
1845-12,1845,12,-6.3,,,,
1846-01,1846,1,-3.8,,,,
1846-02,1846,2,-7.5,,,,
1846-03,1846,3,-0.3,,,,
1846-04,1846,4,6.5,,,,
1846-05,1846,5,13.2,,,,
1846-06,1846,6,17.3,,,,
1846-07,1846,7,20.4,,,,
1846-08,1846,8,19.9,,,,
1846-09,1846,9,17.3,,,,
1846-10,1846,10,7.2,,,,
1846-11,1846,11,5.1,,,,
1846-12,1846,12,-2.8,,,,
1847-01,1847,1,-5.4,,,,
1847-02,1847,2,-5.7,,,,
1847-03,1847,3,-3.3,,,,
1847-04,1847,4,3.3,,,,
1847-05,1847,5,11.5,,,,
1847-06,1847,6,14.5,,,,
1847-07,1847,7,19.9,,,,
1847-08,1847,8,17.8,,,,
1847-09,1847,9,13,,,,
1847-10,1847,10,6.9,,,,
1847-11,1847,11,3.5,,,,
1847-12,1847,12,-2,,,,
1848-01,1848,1,-2.7,,,,
1848-02,1848,2,-2.9,,,,
1848-03,1848,3,-2.2,,,,
1848-04,1848,4,4.9,,,,
1848-05,1848,5,12.1,,,,
1848-06,1848,6,16.4,,,,
1848-07,1848,7,18,,,,
1848-08,1848,8,19.6,,,,
1848-09,1848,9,12.2,,,,
1848-10,1848,10,7.6,,,,
1848-11,1848,11,0.9,,,,
1848-12,1848,12,-1.5,,,,
1849-01,1849,1,-7.4,,,,
1849-02,1849,2,-7.6,,,,
1849-03,1849,3,0.4,,,,
1849-04,1849,4,3.3,,,,
1849-05,1849,5,8.9,,,,
1849-06,1849,6,16.7,,,,
1849-07,1849,7,19.3,,,,
1849-08,1849,8,18.2,,,,
1849-09,1849,9,14.2,,,,
1849-10,1849,10,7.7,,,,
1849-11,1849,11,5.6,,,,
1849-12,1849,12,-3.6,,,,
1850-01,1850,1,-1.9,,,,
1850-02,1850,2,-4,,,,
1850-03,1850,3,-1.7,,,,
1850-04,1850,4,3.3,,,,
1850-05,1850,5,9.8,,,,
1850-06,1850,6,17.3,,,,
1850-07,1850,7,20.8,,,,
1850-08,1850,8,19,,,,
1850-09,1850,9,12.8,,,,
1850-10,1850,10,6.5,,,,
1850-11,1850,11,2.9,,,,
1850-12,1850,12,-5.6,,,,
1851-01,1851,1,-4.5,,,,
1851-02,1851,2,-2.6,,,,
1851-03,1851,3,0.4,,,,
1851-04,1851,4,5,,,,
1851-05,1851,5,10.7,,,,
1851-06,1851,6,15.1,,,,
1851-07,1851,7,18.4,,,,
1851-08,1851,8,17.3,,,,
1851-09,1851,9,14.9,,,,
1851-10,1851,10,8.6,,,,
1851-11,1851,11,-0.1,,,,
1851-12,1851,12,-6.3,,,,
1852-01,1852,1,-8,,,,
1852-02,1852,2,-5.3,,,,
1852-03,1852,3,-3.5,,,,
1852-04,1852,4,3.1,,,,
1852-05,1852,5,10.6,,,,
1852-06,1852,6,15.8,,,,
1852-07,1852,7,18.8,,,,
1852-08,1852,8,18.2,,,,
1852-09,1852,9,13.4,,,,
1852-10,1852,10,8.8,,,,
1852-11,1852,11,1.6,,,,
1852-12,1852,12,-0.2,,,,
1853-01,1853,1,-5.6,,,,
1853-02,1853,2,-5.3,,,,
1853-03,1853,3,-1.5,,,,
1853-04,1853,4,4.9,,,,
1853-05,1853,5,9.8,,,,
1853-06,1853,6,17.9,,,,
1853-07,1853,7,18.5,,,,
1853-08,1853,8,19.9,,,,
1853-09,1853,9,14.8,,,,
1853-10,1853,10,6.2,,,,
1853-11,1853,11,3.1,,,,
1853-12,1853,12,-4.3,,,,
1854-01,1854,1,-5.9,,,,
1854-02,1854,2,-7,,,,
1854-03,1854,3,-1.3,,,,
1854-04,1854,4,4.1,,,,
1854-05,1854,5,10,,,,
1854-06,1854,6,16.8,,,,
1854-07,1854,7,22,,,,
1854-08,1854,8,20,,,,
1854-09,1854,9,16.1,,,,
1854-10,1854,10,10.1,,,,
1854-11,1854,11,1.8,,,,
1854-12,1854,12,-5.6,,,,
1855-01,1855,1,-3.9,,,,
1855-02,1855,2,-10,,,,
1855-03,1855,3,-2.2,,,,
1855-04,1855,4,5.9,,,,
1855-05,1855,5,11.9,,,,
1855-06,1855,6,15.5,,,,
1855-07,1855,7,20.2,,,,
1855-08,1855,8,18,,,,
1855-09,1855,9,15.2,,,,
1855-10,1855,10,6.5,,,,
1855-11,1855,11,2.9,,,,
1855-12,1855,12,-3.4,,,,
1856-01,1856,1,-9.8,,,,
1856-02,1856,2,-10.2,,,,
1856-03,1856,3,-5.7,,,,
1856-04,1856,4,5.6,,,,
1856-05,1856,5,10.1,,,,
1856-06,1856,6,16.7,,,,
1856-07,1856,7,21,,,,
1856-08,1856,8,17.5,,,,
1856-09,1856,9,13.5,,,,
1856-10,1856,10,7,,,,
1856-11,1856,11,2.2,,,,
1856-12,1856,12,-5.5,,,,
1857-01,1857,1,-12.1,,,,
1857-02,1857,2,-2.2,,,,
1857-03,1857,3,-3.1,,,,
1857-04,1857,4,1.9,,,,
1857-05,1857,5,9.4,,,,
1857-06,1857,6,14.1,,,,
1857-07,1857,7,20.1,,,,
1857-08,1857,8,18.2,,,,
1857-09,1857,9,14.4,,,,
1857-10,1857,10,7.1,,,,
1857-11,1857,11,0.7,,,,
1857-12,1857,12,-1.1,,,,
1858-01,1858,1,-1.4,,,,
1858-02,1858,2,-8.1,,,,
1858-03,1858,3,-1.4,,,,
1858-04,1858,4,5.2,,,,
1858-05,1858,5,9.3,,,,
1858-06,1858,6,18.5,,,,
1858-07,1858,7,19.9,,,,
1858-08,1858,8,19.7,,,,
1858-09,1858,9,15.2,,,,
1858-10,1858,10,9.9,,,,
1858-11,1858,11,1.1,,,,
1858-12,1858,12,-2.6,,,,
1859-01,1859,1,-4.1,,,,
1859-02,1859,2,-3.5,,,,
1859-03,1859,3,2.4,,,,
1859-04,1859,4,4.4,,,,
1859-05,1859,5,12.9,,,,
1859-06,1859,6,14.7,,,,
1859-07,1859,7,19.5,,,,
1859-08,1859,8,19.6,,,,
1859-09,1859,9,13.4,,,,
1859-10,1859,10,6.6,,,,
1859-11,1859,11,3.6,,,,
1859-12,1859,12,-7.2,,,,
1860-01,1860,1,-4.6,,,,
1860-02,1860,2,-5.3,,,,
1860-03,1860,3,1.5,,,,
1860-04,1860,4,4.3,,,,
1860-05,1860,5,13.3,,,,
1860-06,1860,6,17.8,,,,
1860-07,1860,7,18.1,,,,
1860-08,1860,8,18.4,,,,
1860-09,1860,9,13,,,,
1860-10,1860,10,8.7,,,,
1860-11,1860,11,3.6,,,,
1860-12,1860,12,-4.5,,,,
1861-01,1861,1,-6.9,,,,
1861-02,1861,2,-3.6,,,,
1861-03,1861,3,-2.8,,,,
1861-04,1861,4,5.9,,,,
1861-05,1861,5,8.9,,,,
1861-06,1861,6,16.1,,,,
1861-07,1861,7,18.6,,,,
1861-08,1861,8,19.1,,,,
1861-09,1861,9,15.1,,,,
1861-10,1861,10,9.2,,,,
1861-11,1861,11,3,,,,
1861-12,1861,12,-0.8,,,,
1862-01,1862,1,-5.9,,,,
1862-02,1862,2,-5.7,,,,
1862-03,1862,3,-1.7,,,,
1862-04,1862,4,4.4,,,,
1862-05,1862,5,11,,,,
1862-06,1862,6,15.6,,,,
1862-07,1862,7,19.6,,,,
1862-08,1862,8,19.6,,,,
1862-09,1862,9,15.8,,,,
1862-10,1862,10,9,,,,
1862-11,1862,11,2,,,,
1862-12,1862,12,-1.7,,,,
1863-01,1863,1,-2.1,,,,
1863-02,1863,2,-5.2,,,,
1863-03,1863,3,-3.3,,,,
1863-04,1863,4,5.4,,,,
1863-05,1863,5,12.7,,,,
1863-06,1863,6,16,,,,
1863-07,1863,7,19.6,,,,
1863-08,1863,8,19.4,,,,
1863-09,1863,9,13.2,,,,
1863-10,1863,10,8.2,,,,
1863-11,1863,11,4,,,,
1863-12,1863,12,-2.6,,,,
1864-01,1864,1,-4.8,,,,
1864-02,1864,2,-3.8,,,,
1864-03,1864,3,-1.7,,,,
1864-04,1864,4,5.1,,,,
1864-05,1864,5,12.5,,,,
1864-06,1864,6,17.2,,,,
1864-07,1864,7,21.1,,,,
1864-08,1864,8,20.8,,,,
1864-09,1864,9,13.6,,,,
1864-10,1864,10,7.8,,,,
1864-11,1864,11,2.9,,,,
1864-12,1864,12,-3.4,,,,
1865-01,1865,1,-8.1,,,,
1865-02,1865,2,-5.5,,,,
1865-03,1865,3,0.2,,,,
1865-04,1865,4,6,,,,
1865-05,1865,5,11.4,,,,
1865-06,1865,6,18.6,,,,
1865-07,1865,7,18.3,,,,
1865-08,1865,8,18.5,,,,
1865-09,1865,9,18.7,,,,
1865-10,1865,10,7.4,,,,
1865-11,1865,11,3.9,,,,
1865-12,1865,12,-1.7,,,,
1866-01,1866,1,-7,,,,
1866-02,1866,2,-5.5,,,,
1866-03,1866,3,-2.6,,,,
1866-04,1866,4,7,,,,
1866-05,1866,5,9.3,,,,
1866-06,1866,6,15.8,,,,
1866-07,1866,7,21.2,,,,
1866-08,1866,8,16.2,,,,
1866-09,1866,9,13.6,,,,
1866-10,1866,10,10.4,,,,
1866-11,1866,11,3.7,,,,
1866-12,1866,12,-3.5,,,,
1867-01,1867,1,-8.1,,,,
1867-02,1867,2,-2.2,,,,
1867-03,1867,3,-2.5,,,,
1867-04,1867,4,4.9,,,,
1867-05,1867,5,8.5,,,,
1867-06,1867,6,18.2,,,,
1867-07,1867,7,20.1,,,,
1867-08,1867,8,20.5,,,,
1867-09,1867,9,15.1,,,,
1867-10,1867,10,10.4,,,,
1867-11,1867,11,3.9,,,,
1867-12,1867,12,-5.3,,,,
1868-01,1868,1,-7.8,,,,
1868-02,1868,2,-8.1,,,,
1868-03,1868,3,-0.3,,,,
1868-04,1868,4,3.4,,,,
1868-05,1868,5,11.2,,,,
1868-06,1868,6,16.4,,,,
1868-07,1868,7,24.4,,,,
1868-08,1868,8,19.8,,,,
1868-09,1868,9,14,,,,
1868-10,1868,10,6.2,,,,
1868-11,1868,11,2.6,,,,
1868-12,1868,12,-4.9,,,,
1869-01,1869,1,-2.1,,,,
1869-02,1869,2,-4.5,,,,
1869-03,1869,3,-4.7,,,,
1869-04,1869,4,4.6,,,,
1869-05,1869,5,10.4,,,,
1869-06,1869,6,14.8,,,,
1869-07,1869,7,18.6,,,,
1869-08,1869,8,17.7,,,,
1869-09,1869,9,16.5,,,,
1869-10,1869,10,6.1,,,,
1869-11,1869,11,0.3,,,,
1869-12,1869,12,-1.6,,,,
1870-01,1870,1,-3.9,,,,
1870-02,1870,2,-5.9,,,,
1870-03,1870,3,-2.9,,,,
1870-04,1870,4,7.3,,,,
1870-05,1870,5,13.9,,,,
1870-06,1870,6,19.4,,,,
1870-07,1870,7,20.5,,,,
1870-08,1870,8,19.5,,,,
1870-09,1870,9,16.5,,,,
1870-10,1870,10,10.5,,,,
1870-11,1870,11,2.9,,,,
1870-12,1870,12,-3.2,,,,
1871-01,1871,1,-6.2,,,,
1871-02,1871,2,-4.9,,,,
1871-03,1871,3,1.6,,,,
1871-04,1871,4,6.8,,,,
1871-05,1871,5,12,,,,
1871-06,1871,6,16.6,,,,
1871-07,1871,7,18.9,,,,
1871-08,1871,8,19.9,,,,
1871-09,1871,9,13.2,,,,
1871-10,1871,10,9.7,,,,
1871-11,1871,11,-0.4,,,,
1871-12,1871,12,-5.4,,,,
1872-01,1872,1,-6.2,,,,
1872-02,1872,2,-6.2,,,,
1872-03,1872,3,-6.1,,,,
1872-04,1872,4,4.8,,,,
1872-05,1872,5,11,,,,
1872-06,1872,6,17.1,,,,
1872-07,1872,7,21.2,,,,
1872-08,1872,8,21,,,,
1872-09,1872,9,15.4,,,,
1872-10,1872,10,7.6,,,,
1872-11,1872,11,0.8,,,,
1872-12,1872,12,-8.2,,,,
1873-01,1873,1,-8.3,,,,
1873-02,1873,2,-7.5,,,,
1873-03,1873,3,-3.3,,,,
1873-04,1873,4,4.2,,,,
1873-05,1873,5,11,,,,
1873-06,1873,6,17.3,,,,
1873-07,1873,7,20,,,,
1873-08,1873,8,19.1,,,,
1873-09,1873,9,13.7,,,,
1873-10,1873,10,7.6,,,,
1873-11,1873,11,-2.4,,,,
1873-12,1873,12,-2,,,,
1874-01,1874,1,-4.3,,,,
1874-02,1874,2,-5.6,,,,
1874-03,1874,3,-1.4,,,,
1874-04,1874,4,0.8,,,,
1874-05,1874,5,11.5,,,,
1874-06,1874,6,17.1,,,,
1874-07,1874,7,19.5,,,,
1874-08,1874,8,19.3,,,,
1874-09,1874,9,17.4,,,,
1874-10,1874,10,8.5,,,,
1874-11,1874,11,1.7,,,,
1874-12,1874,12,-3.9,,,,
1875-01,1875,1,-9.2,,,,
1875-02,1875,2,-12.6,,,,
1875-03,1875,3,-4.9,,,,
1875-04,1875,4,2.5,,,,
1875-05,1875,5,10.9,,,,
1875-06,1875,6,16.1,,,,
1875-07,1875,7,19.2,,,,
1875-08,1875,8,18.7,,,,
1875-09,1875,9,13.3,,,,
1875-10,1875,10,6.4,,,,
1875-11,1875,11,-0.1,,,,
1875-12,1875,12,-2.9,,,,
1876-01,1876,1,-1.3,,,,
1876-02,1876,2,-5,,,,
1876-03,1876,3,-3.3,,,,
1876-04,1876,4,3.6,,,,
1876-05,1876,5,10.7,,,,
1876-06,1876,6,18.6,,,,
1876-07,1876,7,20.3,,,,
1876-08,1876,8,21.2,,,,
1876-09,1876,9,14.3,,,,
1876-10,1876,10,5.9,,,,
1876-11,1876,11,2.9,,,,
1876-12,1876,12,-8.3,,,,
1877-01,1877,1,-8.8,,,,
1877-02,1877,2,-2,,,,
1877-03,1877,3,-3.6,,,,
1877-04,1877,4,6.5,,,,
1877-05,1877,5,12,,,,
1877-06,1877,6,16.7,,,,
1877-07,1877,7,21.1,,,,
1877-08,1877,8,20.9,,,,
1877-09,1877,9,16.6,,,,
1877-10,1877,10,9.9,,,,
1877-11,1877,11,3,,,,
1877-12,1877,12,1.2,,,,
1878-01,1878,1,-4.5,,,,
1878-02,1878,2,-3,,,,
1878-03,1878,3,3.2,,,,
1878-04,1878,4,9.7,,,,
1878-05,1878,5,11.5,,,,
1878-06,1878,6,17,,,,
1878-07,1878,7,22.4,,,,
1878-08,1878,8,20.5,,,,
1878-09,1878,9,16.4,,,,
1878-10,1878,10,9.6,,,,
1878-11,1878,11,2.4,,,,
1878-12,1878,12,-4.2,,,,
1879-01,1879,1,-7.1,,,,
1879-02,1879,2,-8.1,,,,
1879-03,1879,3,-1.8,,,,
1879-04,1879,4,4.2,,,,
1879-05,1879,5,12,,,,
1879-06,1879,6,16.6,,,,
1879-07,1879,7,20.5,,,,
1879-08,1879,8,18.5,,,,
1879-09,1879,9,13.2,,,,
1879-10,1879,10,12.7,,,,
1879-11,1879,11,2,,,,
1879-12,1879,12,-3.3,,,,
1880-01,1880,1,0.4,,,,
1880-02,1880,2,-2.6,,,,
1880-03,1880,3,-1.6,,,,
1880-04,1880,4,5.3,,,,
1880-05,1880,5,14.7,,,,
1880-06,1880,6,18.7,,,,
1880-07,1880,7,19.8,,,,
1880-08,1880,8,19.3,,,,
1880-09,1880,9,15.8,,,,
1880-10,1880,10,7.3,,,,
1880-11,1880,11,-1.2,,,,
1880-12,1880,12,-6.1,,,,
1881-01,1881,1,-9,,,,
1881-02,1881,2,-7.1,,,,
1881-03,1881,3,-1.1,,,,
1881-04,1881,4,4.3,,,,
1881-05,1881,5,14.6,,,,
1881-06,1881,6,15.3,,,,
1881-07,1881,7,21.5,,,,
1881-08,1881,8,21.2,,,,
1881-09,1881,9,20.2,,,,
1881-10,1881,10,9.9,,,,
1881-11,1881,11,2.8,,,,
1881-12,1881,12,1,,,,
1882-01,1882,1,-5.1,,,,
1882-02,1882,2,-1,,,,
1882-03,1882,3,-0.2,,,,
1882-04,1882,4,4.6,,,,
1882-05,1882,5,9.5,,,,
1882-06,1882,6,16.3,,,,
1882-07,1882,7,19.4,,,,
1882-08,1882,8,19.8,,,,
1882-09,1882,9,16.4,,,,
1882-10,1882,10,10.9,,,,
1882-11,1882,11,2,,,,
1882-12,1882,12,-3.7,,,,
1883-01,1883,1,-8.2,,,,
1883-02,1883,2,-7,,,,
1883-03,1883,3,-5.9,,,,
1883-04,1883,4,3.5,,,,
1883-05,1883,5,9.6,,,,
1883-06,1883,6,16.6,,,,
1883-07,1883,7,18.5,,,,
1883-08,1883,8,17.6,,,,
1883-09,1883,9,12.6,,,,
1883-10,1883,10,7.2,,,,
1883-11,1883,11,2.8,,,,
1883-12,1883,12,-3.5,,,,
1884-01,1884,1,-9.3,,,,
1884-02,1884,2,-4.9,,,,
1884-03,1884,3,-2.3,,,,
1884-04,1884,4,5,,,,
1884-05,1884,5,10.6,,,,
1884-06,1884,6,18.2,,,,
1884-07,1884,7,17.8,,,,
1884-08,1884,8,18.5,,,,
1884-09,1884,9,16.5,,,,
1884-10,1884,10,9.1,,,,
1884-11,1884,11,1.1,,,,
1884-12,1884,12,-3.8,,,,
1885-01,1885,1,-8.2,,,,
1885-02,1885,2,-11.9,,,,
1885-03,1885,3,-8.2,,,,
1885-04,1885,4,2.9,,,,
1885-05,1885,5,11,,,,
1885-06,1885,6,15.6,,,,
1885-07,1885,7,19.9,,,,
1885-08,1885,8,17.3,,,,
1885-09,1885,9,13.8,,,,
1885-10,1885,10,7.6,,,,
1885-11,1885,11,3.5,,,,
1885-12,1885,12,-2.6,,,,
1886-01,1886,1,-7.4,,,,
1886-02,1886,2,-7.7,,,,
1886-03,1886,3,-1.2,,,,
1886-04,1886,4,7.2,,,,
1886-05,1886,5,11.7,,,,
1886-06,1886,6,16.2,,,,
1886-07,1886,7,19,,,,
1886-08,1886,8,18.7,,,,
1886-09,1886,9,14.9,,,,
1886-10,1886,10,9.1,,,,
1886-11,1886,11,2,,,,
1886-12,1886,12,-6.2,,,,
1887-01,1887,1,-8,,,,
1887-02,1887,2,-5.9,,,,
1887-03,1887,3,-4.1,,,,
1887-04,1887,4,4.2,,,,
1887-05,1887,5,14.6,,,,
1887-06,1887,6,17.5,,,,
1887-07,1887,7,22.9,,,,
1887-08,1887,8,19,,,,
1887-09,1887,9,13.6,,,,
1887-10,1887,10,6.6,,,,
1887-11,1887,11,1.6,,,,
1887-12,1887,12,-2.3,,,,
1888-01,1888,1,-9.6,,,,
1888-02,1888,2,-6,,,,
1888-03,1888,3,-5.4,,,,
1888-04,1888,4,4,,,,
1888-05,1888,5,10.6,,,,
1888-06,1888,6,18.1,,,,
1888-07,1888,7,19,,,,
1888-08,1888,8,19.1,,,,
1888-09,1888,9,13.7,,,,
1888-10,1888,10,6.3,,,,
1888-11,1888,11,3.1,,,,
1888-12,1888,12,-1.5,,,,
1889-01,1889,1,-2.5,,,,
1889-02,1889,2,-8.3,,,,
1889-03,1889,3,0.5,,,,
1889-04,1889,4,6.3,,,,
1889-05,1889,5,12.2,,,,
1889-06,1889,6,15.8,,,,
1889-07,1889,7,20.6,,,,
1889-08,1889,8,18.7,,,,
1889-09,1889,9,15.7,,,,
1889-10,1889,10,6,,,,
1889-11,1889,11,3.7,,,,
1889-12,1889,12,1.2,,,,
1890-01,1890,1,-1.4,,,,
1890-02,1890,2,-2.4,,,,
1890-03,1890,3,-2.3,,,,
1890-04,1890,4,5.7,,,,
1890-05,1890,5,10.1,,,,
1890-06,1890,6,18.7,,,,
1890-07,1890,7,19.8,,,,
1890-08,1890,8,18.1,,,,
1890-09,1890,9,14.2,,,,
1890-10,1890,10,9.2,,,,
1890-11,1890,11,2.8,,,,
1890-12,1890,12,-5.3,,,,
1891-01,1891,1,-4.9,,,,
1891-02,1891,2,-2.4,,,,
1891-03,1891,3,-1.9,,,,
1891-04,1891,4,6.4,,,,
1891-05,1891,5,10.8,,,,
1891-06,1891,6,18,,,,
1891-07,1891,7,17.9,,,,
1891-08,1891,8,18.9,,,,
1891-09,1891,9,17.3,,,,
1891-10,1891,10,8.7,,,,
1891-11,1891,11,2.6,,,,
1891-12,1891,12,0.8,,,,
1892-01,1892,1,-7,,,,
1892-02,1892,2,-4.4,,,,
1892-03,1892,3,-2.3,,,,
1892-04,1892,4,5.3,,,,
1892-05,1892,5,10.9,,,,
1892-06,1892,6,18.6,,,,
1892-07,1892,7,20.1,,,,
1892-08,1892,8,19.8,,,,
1892-09,1892,9,15.7,,,,
1892-10,1892,10,8.7,,,,
1892-11,1892,11,1.7,,,,
1892-12,1892,12,-3.6,,,,
1893-01,1893,1,-10,,,,
1893-02,1893,2,-7.6,,,,
1893-03,1893,3,-1.7,,,,
1893-04,1893,4,4.4,,,,
1893-05,1893,5,11.1,,,,
1893-06,1893,6,19.3,,,,
1893-07,1893,7,20.2,,,,
1893-08,1893,8,19.3,,,,
1893-09,1893,9,14.1,,,,
1893-10,1893,10,9.2,,,,
1893-11,1893,11,2.9,,,,
1893-12,1893,12,-4.7,,,,
1894-01,1894,1,-2.1,,,,
1894-02,1894,2,-6.5,,,,
1894-03,1894,3,2.1,,,,
1894-04,1894,4,6.9,,,,
1894-05,1894,5,11.3,,,,
1894-06,1894,6,19.3,,,,
1894-07,1894,7,20.6,,,,
1894-08,1894,8,18.6,,,,
1894-09,1894,9,17.1,,,,
1894-10,1894,10,10.2,,,,
1894-11,1894,11,1.2,,,,
1894-12,1894,12,-0.4,,,,
1895-01,1895,1,-6.1,,,,
1895-02,1895,2,-8.7,,,,
1895-03,1895,3,-4.4,,,,
1895-04,1895,4,6.3,,,,
1895-05,1895,5,13,,,,
1895-06,1895,6,19.9,,,,
1895-07,1895,7,19.1,,,,
1895-08,1895,8,18.8,,,,
1895-09,1895,9,16,,,,
1895-10,1895,10,6.1,,,,
1895-11,1895,11,2.8,,,,
1895-12,1895,12,-1.3,,,,
1896-01,1896,1,-5.8,,,,
1896-02,1896,2,-5.5,,,,
1896-03,1896,3,-4.9,,,,
1896-04,1896,4,8,,,,
1896-05,1896,5,15.7,,,,
1896-06,1896,6,18.1,,,,
1896-07,1896,7,20.8,,,,
1896-08,1896,8,19.8,,,,
1896-09,1896,9,14.1,,,,
1896-10,1896,10,7.2,,,,
1896-11,1896,11,4.3,,,,
1896-12,1896,12,-2.4,,,,
1897-01,1897,1,-5.1,,,,
1897-02,1897,2,-4.1,,,,
1897-03,1897,3,-0.2,,,,
1897-04,1897,4,6.3,,,,
1897-05,1897,5,11.6,,,,
1897-06,1897,6,16.4,,,,
1897-07,1897,7,22.5,,,,
1897-08,1897,8,18.6,,,,
1897-09,1897,9,16.3,,,,
1897-10,1897,10,10.6,,,,
1897-11,1897,11,3.7,,,,
1897-12,1897,12,-2.2,,,,
1898-01,1898,1,-3.8,,,,
1898-02,1898,2,-4.2,,,,
1898-03,1898,3,2.8,,,,
1898-04,1898,4,6.5,,,,
1898-05,1898,5,13.3,,,,
1898-06,1898,6,18.8,,,,
1898-07,1898,7,21.7,,,,
1898-08,1898,8,21.4,,,,
1898-09,1898,9,17.8,,,,
1898-10,1898,10,10.3,,,,
1898-11,1898,11,2,,,,
1898-12,1898,12,-3.1,,,,
1899-01,1899,1,-5,,,,
1899-02,1899,2,-7.1,,,,
1899-03,1899,3,-2.1,,,,
1899-04,1899,4,7.1,,,,
1899-05,1899,5,13,,,,
1899-06,1899,6,18.6,,,,
1899-07,1899,7,20.5,,,,
1899-08,1899,8,21.1,,,,
1899-09,1899,9,14,,,,
1899-10,1899,10,10.5,,,,
1899-11,1899,11,4.7,,,,
1899-12,1899,12,-1.8,,,,
Jan-00,1900,1,-3.4,,,,
Feb-00,1900,2,-6.7,,,,
Mar-00,1900,3,-4.8,,,,
Apr-00,1900,4,7.5,,,,
May-00,1900,5,12.9,,,,
Jun-00,1900,6,18.4,,,,
Jul-00,1900,7,20.6,,,,
Aug-00,1900,8,22.5,,,,
Sep-00,1900,9,17.9,,,,
Oct-00,1900,10,13.4,,,,
Nov-00,1900,11,3.7,,,,
Dec-00,1900,12,-1.7,,,,
Jan-01,1901,1,-4.7,,,,
Feb-01,1901,2,-8.5,,,,
Mar-01,1901,3,-1.2,,,,
Apr-01,1901,4,8,,,,
May-01,1901,5,12.5,,,,
Jun-01,1901,6,18.5,,,,
Jul-01,1901,7,22.9,,,,
Aug-01,1901,8,20.7,,,,
Sep-01,1901,9,16.6,,,,
Oct-01,1901,10,9.4,,,,
Nov-01,1901,11,1.4,,,,
Dec-01,1901,12,-3,,,,
Jan-02,1902,1,-4.8,,,,
Feb-02,1902,2,-6,,,,
Mar-02,1902,3,3.1,,,,
Apr-02,1902,4,6.7,,,,
May-02,1902,5,11.9,,,,
Jun-02,1902,6,15.6,,,,
Jul-02,1902,7,20.5,,,,
Aug-02,1902,8,18.6,,,,
Sep-02,1902,9,15.7,,,,
Oct-02,1902,10,9.3,,,,
Nov-02,1902,11,6.1,,,,
Dec-02,1902,12,-4.2,,,,
Jan-03,1903,1,-5,,,,
Feb-03,1903,2,-3.5,,,,
Mar-03,1903,3,4.3,,,,
Apr-03,1903,4,6.6,,,,
May-03,1903,5,13.3,,,,
Jun-03,1903,6,16.6,,,,
Jul-03,1903,7,20.7,,,,
Aug-03,1903,8,17.7,,,,
Sep-03,1903,9,16.2,,,,
Oct-03,1903,10,10.5,,,,
Nov-03,1903,11,1.7,,,,
Dec-03,1903,12,-5.1,,,,
Jan-04,1904,1,-8.9,,,,
Feb-04,1904,2,-10.4,,,,
Mar-04,1904,3,-1.9,,,,
Apr-04,1904,4,4,,,,
May-04,1904,5,13.2,,,,
Jun-04,1904,6,17.3,,,,
Jul-04,1904,7,19.7,,,,
Aug-04,1904,8,18.3,,,,
Sep-04,1904,9,14.8,,,,
Oct-04,1904,10,7.8,,,,
Nov-04,1904,11,2.2,,,,
Dec-04,1904,12,-5.4,,,,
Jan-05,1905,1,-7.8,,,,
Feb-05,1905,2,-8.6,,,,
Mar-05,1905,3,-0.8,,,,
Apr-05,1905,4,5.7,,,,
May-05,1905,5,11.5,,,,
Jun-05,1905,6,17.6,,,,
Jul-05,1905,7,21,,,,
Aug-05,1905,8,19.7,,,,
Sep-05,1905,9,16.8,,,,
Oct-05,1905,10,9.4,,,,
Nov-05,1905,11,2.7,,,,
Dec-05,1905,12,-0.4,,,,
Jan-06,1906,1,-0.6,,,,
Feb-06,1906,2,-5.4,,,,
Mar-06,1906,3,-2.8,,,,
Apr-06,1906,4,7.1,,,,
May-06,1906,5,12.4,,,,
Jun-06,1906,6,18.7,,,,
Jul-06,1906,7,21.2,,,,
Aug-06,1906,8,22.1,,,,
Sep-06,1906,9,18.3,,,,
Oct-06,1906,10,9.6,,,,
Nov-06,1906,11,3,,,,
Dec-06,1906,12,-4.9,,,,
Jan-07,1907,1,-5.5,,,,
Feb-07,1907,2,-7.5,,,,
Mar-07,1907,3,1,,,,
Apr-07,1907,4,3.6,,,,
May-07,1907,5,9,,,,
Jun-07,1907,6,17.7,,,,
Jul-07,1907,7,20.7,,,,
Aug-07,1907,8,18.5,,,,
Sep-07,1907,9,16.5,,,,
Oct-07,1907,10,7.2,,,,
Nov-07,1907,11,2.8,,,,
Dec-07,1907,12,-1.4,,,,
Jan-08,1908,1,-4.3,,,,
Feb-08,1908,2,-7.1,,,,
Mar-08,1908,3,-0.3,,,,
Apr-08,1908,4,5.5,,,,
May-08,1908,5,13.5,,,,
Jun-08,1908,6,19,,,,
Jul-08,1908,7,21.6,,,,
Aug-08,1908,8,19.4,,,,
Sep-08,1908,9,17.7,,,,
Oct-08,1908,10,10.8,,,,
Nov-08,1908,11,4.3,,,,
Dec-08,1908,12,-1.6,,,,
Jan-09,1909,1,-3.2,,,,
Feb-09,1909,2,-3,,,,
Mar-09,1909,3,-1.1,,,,
Apr-09,1909,4,5,,,,
May-09,1909,5,12.1,,,,
Jun-09,1909,6,18.6,,,,
Jul-09,1909,7,19.9,,,,
Aug-09,1909,8,20.7,,,,
Sep-09,1909,9,15.7,,,,
Oct-09,1909,10,7.9,,,,
Nov-09,1909,11,4.8,,,,
Dec-09,1909,12,-3.3,,,,
Jan-10,1910,1,-3.7,,,,
Feb-10,1910,2,-6.1,,,,
Mar-10,1910,3,3.8,,,,
Apr-10,1910,4,8.3,,,,
May-10,1910,5,11.5,,,,
Jun-10,1910,6,18.2,,,,
Jul-10,1910,7,21.8,,,,
Aug-10,1910,8,19.8,,,,
Sep-10,1910,9,15.6,,,,
Oct-10,1910,10,10.7,,,,
Nov-10,1910,11,2.3,,,,
Dec-10,1910,12,-6,,,,
Jan-11,1911,1,-3.4,,,,
Feb-11,1911,2,-3.6,,,,
Mar-11,1911,3,-1.1,,,,
Apr-11,1911,4,6.3,,,,
May-11,1911,5,16.3,,,,
Jun-11,1911,6,18.7,,,,
Jul-11,1911,7,22,,,,
Aug-11,1911,8,20.8,,,,
Sep-11,1911,9,15.9,,,,
Oct-11,1911,10,9.8,,,,
Nov-11,1911,11,2.2,,,,
Dec-11,1911,12,1.1,,,,
Jan-12,1912,1,-10.1,,,,
Feb-12,1912,2,-7.3,,,,
Mar-12,1912,3,-3.5,,,,
Apr-12,1912,4,5.5,,,,
May-12,1912,5,13,,,,
Jun-12,1912,6,16.8,,,,
Jul-12,1912,7,21,,,,
Aug-12,1912,8,17.8,,,,
Sep-12,1912,9,17.1,,,,
Oct-12,1912,10,10.4,,,,
Nov-12,1912,11,4.7,,,,
Dec-12,1912,12,0.4,,,,
Jan-13,1913,1,-0.3,,,,
Feb-13,1913,2,-6.5,,,,
Mar-13,1913,3,0.8,,,,
Apr-13,1913,4,7.9,,,,
May-13,1913,5,12.4,,,,
Jun-13,1913,6,18.2,,,,
Jul-13,1913,7,21.3,,,,
Aug-13,1913,8,20.4,,,,
Sep-13,1913,9,15.3,,,,
Oct-13,1913,10,10.9,,,,
Nov-13,1913,11,5.7,,,,
Dec-13,1913,12,0.8,,,,
Jan-14,1914,1,-3.6,,,,
Feb-14,1914,2,-9.1,,,,
Mar-14,1914,3,-0.8,,,,
Apr-14,1914,4,5.3,,,,
May-14,1914,5,14.8,,,,
Jun-14,1914,6,18,,,,
Jul-14,1914,7,21.4,,,,
Aug-14,1914,8,20.1,,,,
Sep-14,1914,9,16.2,,,,
Oct-14,1914,10,11.6,,,,
Nov-14,1914,11,3.4,,,,
Dec-14,1914,12,-3.5,,,,
Jan-15,1915,1,-4.7,,,,
Feb-15,1915,2,-3.3,,,,
Mar-15,1915,3,-1.1,,,,
Apr-15,1915,4,10,,,,
May-15,1915,5,11.2,,,,
Jun-15,1915,6,16.9,,,,
Jul-15,1915,7,20.3,,,,
Aug-15,1915,8,19.1,,,,
Sep-15,1915,9,17.5,,,,
Oct-15,1915,10,11.1,,,,
Nov-15,1915,11,4.9,,,,
Dec-15,1915,12,-2.4,,,,
Jan-16,1916,1,-1,,,,
Feb-16,1916,2,-7.3,,,,
Mar-16,1916,3,-3.7,,,,
Apr-16,1916,4,7,,,,
May-16,1916,5,12.4,,,,
Jun-16,1916,6,15.7,,,,
Jul-16,1916,7,24.5,,,,
Aug-16,1916,8,22.3,,,,
Sep-16,1916,9,16.2,,,,
Oct-16,1916,10,9.8,,,,
Nov-16,1916,11,3.2,,,,
Dec-16,1916,12,-2.8,,,,
Jan-17,1917,1,-5.2,,,,
Feb-17,1917,2,-8.3,,,,
Mar-17,1917,3,0.1,,,,
Apr-17,1917,4,5.1,,,,
May-17,1917,5,9.7,,,,
Jun-17,1917,6,16.1,,,,
Jul-17,1917,7,21.4,,,,
Aug-17,1917,8,19.9,,,,
Sep-17,1917,9,14.8,,,,
Oct-17,1917,10,7,,,,
Nov-17,1917,11,1.4,,,,
Dec-17,1917,12,-6.9,,,,
Jan-18,1918,1,-10.4,,,,
Feb-18,1918,2,-6,,,,
Mar-18,1918,3,0.9,,,,
Apr-18,1918,4,6.5,,,,
May-18,1918,5,14,,,,
Jun-18,1918,6,16.4,,,,
Jul-18,1918,7,20.9,,,,
Aug-18,1918,8,21.7,,,,
Sep-18,1918,9,13.6,,,,
Oct-18,1918,10,10.8,,,,
Nov-18,1918,11,5.6,,,,
Dec-18,1918,12,-0.4,,,,
Jan-19,1919,1,-1.5,,,,
Feb-19,1919,2,-2.1,,,,
Mar-19,1919,3,1,,,,
Apr-19,1919,4,5.9,,,,
May-19,1919,5,13,,,,
Jun-19,1919,6,22.5,,,,
Jul-19,1919,7,22.9,,,,
Aug-19,1919,8,20,,,,
Sep-19,1919,9,17.5,,,,
Oct-19,1919,10,11.7,,,,
Nov-19,1919,11,3.5,,,,
Dec-19,1919,12,-5.2,,,,
Jan-20,1920,1,-10.6,,,,
Feb-20,1920,2,-6.6,,,,
Mar-20,1920,3,1,,,,
Apr-20,1920,4,4.6,,,,
May-20,1920,5,12.5,,,,
Jun-20,1920,6,18.8,,,,
Jul-20,1920,7,19.2,,,,
Aug-20,1920,8,21.1,,,,
Sep-20,1920,9,17.7,,,,
Oct-20,1920,10,12.8,,,,
Nov-20,1920,11,2.7,,,,
Dec-20,1920,12,-0.3,,,,
Jan-21,1921,1,-2.3,,,,
Feb-21,1921,2,-2,,,,
Mar-21,1921,3,3.7,,,,
Apr-21,1921,4,9.6,,,,
May-21,1921,5,14.6,,,,
Jun-21,1921,6,20.4,,,,
Jul-21,1921,7,25.5,,,,
Aug-21,1921,8,20.1,,,,
Sep-21,1921,9,19.9,,,,
Oct-21,1921,10,10.2,,,,
Nov-21,1921,11,2.4,,,,
Dec-21,1921,12,-2,,,,
Jan-22,1922,1,-4.8,,,,
Feb-22,1922,2,-3.1,,,,
Mar-22,1922,3,1.3,,,,
Apr-22,1922,4,7.5,,,,
May-22,1922,5,15.4,,,,
Jun-22,1922,6,19.3,,,,
Jul-22,1922,7,20.9,,,,
Aug-22,1922,8,20.6,,,,
Sep-22,1922,9,17.6,,,,
Oct-22,1922,10,9.9,,,,
Nov-22,1922,11,4.9,,,,
Dec-22,1922,12,-2,,,,
Jan-23,1923,1,-5.7,,,,
Feb-23,1923,2,-7.3,,,,
Mar-23,1923,3,-2.7,,,,
Apr-23,1923,4,5.8,,,,
May-23,1923,5,11,,,,
Jun-23,1923,6,19.2,,,,
Jul-23,1923,7,20.6,,,,
Aug-23,1923,8,18.8,,,,
Sep-23,1923,9,16,,,,
Oct-23,1923,10,9.4,,,,
Nov-23,1923,11,3.9,,,,
Dec-23,1923,12,2.3,,,,
Jan-24,1924,1,-4.8,,,,
Feb-24,1924,2,-6.5,,,,
Mar-24,1924,3,-0.2,,,,
Apr-24,1924,4,6,,,,
May-24,1924,5,10.1,,,,
Jun-24,1924,6,17.2,,,,
Jul-24,1924,7,19.6,,,,
Aug-24,1924,8,19.4,,,,
Sep-24,1924,9,13.9,,,,
Oct-24,1924,10,10.3,,,,
Nov-24,1924,11,3.9,,,,
Dec-24,1924,12,-4.5,,,,
Jan-25,1925,1,-6.5,,,,
Feb-25,1925,2,-2.6,,,,
Mar-25,1925,3,1.7,,,,
Apr-25,1925,4,7.4,,,,
May-25,1925,5,10.5,,,,
Jun-25,1925,6,19.3,,,,
Jul-25,1925,7,19.8,,,,
Aug-25,1925,8,20.5,,,,
Sep-25,1925,9,16.5,,,,
Oct-25,1925,10,5.8,,,,
Nov-25,1925,11,3.2,,,,
Dec-25,1925,12,-3.1,,,,
Jan-26,1926,1,-4.1,,,,
Feb-26,1926,2,-6.1,,,,
Mar-26,1926,3,-3.3,,,,
Apr-26,1926,4,3,,,,
May-26,1926,5,11.6,,,,
Jun-26,1926,6,15.4,,,,
Jul-26,1926,7,19.9,,,,
Aug-26,1926,8,20.3,,,,
Sep-26,1926,9,15.1,,,,
Oct-26,1926,10,8.4,,,,
Nov-26,1926,11,3.1,,,,
Dec-26,1926,12,-4.5,,,,
Jan-27,1927,1,-6,,,,
Feb-27,1927,2,-2.8,,,,
Mar-27,1927,3,1.8,,,,
Apr-27,1927,4,6.4,,,,
May-27,1927,5,11.5,,,,
Jun-27,1927,6,16.5,,,,
Jul-27,1927,7,20.5,,,,
Aug-27,1927,8,18.2,,,,
Sep-27,1927,9,17.5,,,,
Oct-27,1927,10,11.7,,,,
Nov-27,1927,11,5,,,,
Dec-27,1927,12,-1.6,,,,
Jan-28,1928,1,-3.8,,,,
Feb-28,1928,2,-4.4,,,,
Mar-28,1928,3,-0.8,,,,
Apr-28,1928,4,5.4,,,,
May-28,1928,5,12.3,,,,
Jun-28,1928,6,16.4,,,,
Jul-28,1928,7,21.1,,,,
Aug-28,1928,8,21.5,,,,
Sep-28,1928,9,14.3,,,,
Oct-28,1928,10,10.5,,,,
Nov-28,1928,11,4.3,,,,
Dec-28,1928,12,0.5,,,,
Jan-29,1929,1,-5,,,,
Feb-29,1929,2,-5.6,,,,
Mar-29,1929,3,2.7,,,,
Apr-29,1929,4,7.6,,,,
May-29,1929,5,11.7,,,,
Jun-29,1929,6,17.7,,,,
Jul-29,1929,7,20.4,,,,
Aug-29,1929,8,18.6,,,,
Sep-29,1929,9,16.8,,,,
Oct-29,1929,10,9.2,,,,
Nov-29,1929,11,3.3,,,,
Dec-29,1929,12,-3.7,,,,
Jan-30,1930,1,-5.2,,,,
Feb-30,1930,2,-2.9,,,,
Mar-30,1930,3,-0.6,,,,
Apr-30,1930,4,6.1,,,,
May-30,1930,5,14.2,,,,
Jun-30,1930,6,19.4,,,,
Jul-30,1930,7,21.2,,,,
Aug-30,1930,8,20.7,,,,
Sep-30,1930,9,17.4,,,,
Oct-30,1930,10,9.5,,,,
Nov-30,1930,11,5,,,,
Dec-30,1930,12,-1.8,,,,
Jan-31,1931,1,-4,,,,
Feb-31,1931,2,-3,,,,
Mar-31,1931,3,0.8,,,,
Apr-31,1931,4,7.1,,,,
May-31,1931,5,13.3,,,,
Jun-31,1931,6,18.9,,,,
Jul-31,1931,7,23.1,,,,
Aug-31,1931,8,20.8,,,,
Sep-31,1931,9,18.9,,,,
Oct-31,1931,10,11.8,,,,
Nov-31,1931,11,7.7,,,,
Dec-31,1931,12,0.8,,,,
Jan-32,1932,1,1.9,,,,
Feb-32,1932,2,-1.3,,,,
Mar-32,1932,3,-1.6,,,,
Apr-32,1932,4,5,,,,
May-32,1932,5,12.9,,,,
Jun-32,1932,6,19.2,,,,
Jul-32,1932,7,19.9,,,,
Aug-32,1932,8,21,,,,
Sep-32,1932,9,16.7,,,,
Oct-32,1932,10,10.8,,,,
Nov-32,1932,11,2.1,,,,
Dec-32,1932,12,-0.9,,,,
Jan-33,1933,1,0.9,,,,
Feb-33,1933,2,-3.3,,,,
Mar-33,1933,3,-0.2,,,,
Apr-33,1933,4,7.3,,,,
May-33,1933,5,14.2,,,,
Jun-33,1933,6,19.8,,,,
Jul-33,1933,7,22.8,,,,
Aug-33,1933,8,20.7,,,,
Sep-33,1933,9,17.1,,,,
Oct-33,1933,10,8.9,,,,
Nov-33,1933,11,-0.2,,,,
Dec-33,1933,12,-4.3,,,,
Jan-34,1934,1,-3.5,,,,
Feb-34,1934,2,-12.1,,,,
Mar-34,1934,3,-2.2,,,,
Apr-34,1934,4,5.6,,,,
May-34,1934,5,14.3,,,,
Jun-34,1934,6,20,,,,
Jul-34,1934,7,22,,,,
Aug-34,1934,8,18.7,,,,
Sep-34,1934,9,17.2,,,,
Oct-34,1934,10,9.3,,,,
Nov-34,1934,11,5.7,,,,
Dec-34,1934,12,-3.6,,,,
Jan-35,1935,1,-6.3,,,,
Feb-35,1935,2,-5.4,,,,
Mar-35,1935,3,2,,,,
Apr-35,1935,4,6.5,,,,
May-35,1935,5,11.2,,,,
Jun-35,1935,6,17.7,,,,
Jul-35,1935,7,23.3,,,,
Aug-35,1935,8,21.1,,,,
Sep-35,1935,9,14.9,,,,
Oct-35,1935,10,10.2,,,,
Nov-35,1935,11,4.4,,,,
Dec-35,1935,12,-5.2,,,,
Jan-36,1936,1,-5.3,,,,
Feb-36,1936,2,-8.1,,,,
Mar-36,1936,3,1.4,,,,
Apr-36,1936,4,4.3,,,,
May-36,1936,5,14.9,,,,
Jun-36,1936,6,18.3,,,,
Jul-36,1936,7,22.9,,,,
Aug-36,1936,8,20.6,,,,
Sep-36,1936,9,17.1,,,,
Oct-36,1936,10,9.5,,,,
Nov-36,1936,11,1.4,,,,
Dec-36,1936,12,-0.3,,,,
Jan-37,1937,1,-0.5,,,,
Feb-37,1937,2,-2.2,,,,
Mar-37,1937,3,-1.9,,,,
Apr-37,1937,4,6.3,,,,
May-37,1937,5,13.7,,,,
Jun-37,1937,6,18.9,,,,
Jul-37,1937,7,21.9,,,,
Aug-37,1937,8,22.6,,,,
Sep-37,1937,9,15.7,,,,
Oct-37,1937,10,8.7,,,,
Nov-37,1937,11,3.7,,,,
Dec-37,1937,12,-2.5,,,,
Jan-38,1938,1,-5.4,,,,
Feb-38,1938,2,-2.7,,,,
Mar-38,1938,3,2.2,,,,
Apr-38,1938,4,8,,,,
May-38,1938,5,12.9,,,,
Jun-38,1938,6,18.8,,,,
Jul-38,1938,7,22.2,,,,
Aug-38,1938,8,22.8,,,,
Sep-38,1938,9,15,,,,
Oct-38,1938,10,11.2,,,,
Nov-38,1938,11,5.1,,,,
Dec-38,1938,12,-0.6,,,,
Jan-39,1939,1,-4.6,,,,
Feb-39,1939,2,-4,,,,
Mar-39,1939,3,-1.8,,,,
Apr-39,1939,4,4.8,,,,
May-39,1939,5,14.4,,,,
Jun-39,1939,6,18.7,,,,
Jul-39,1939,7,22.2,,,,
Aug-39,1939,8,22.4,,,,
Sep-39,1939,9,16.6,,,,
Oct-39,1939,10,10.2,,,,
Nov-39,1939,11,2.8,,,,
Dec-39,1939,12,-0.3,,,,
Jan-40,1940,1,-7.5,,,,
Feb-40,1940,2,-4.2,,,,
Mar-40,1940,3,-3.2,,,,
Apr-40,1940,4,5.3,,,,
May-40,1940,5,12.3,,,,
Jun-40,1940,6,17.4,,,,
Jul-40,1940,7,21.6,,,,
Aug-40,1940,8,20.6,,,,
Sep-40,1940,9,16.3,,,,
Oct-40,1940,10,8.9,,,,
Nov-40,1940,11,3.4,,,,
Dec-40,1940,12,-1.2,,,,
Jan-41,1941,1,-5.3,,,,
Feb-41,1941,2,-4.5,,,,
Mar-41,1941,3,-2.7,,,,
Apr-41,1941,4,10.4,,,,
May-41,1941,5,14.8,,,,
Jun-41,1941,6,20.5,,,,
Jul-41,1941,7,22.3,,,,
Aug-41,1941,8,20.1,,,,
Sep-41,1941,9,17.5,,,,
Oct-41,1941,10,11.1,,,,
Nov-41,1941,11,5.7,,,,
Dec-41,1941,12,0.2,,,,
Jan-42,1942,1,-4,,,,
Feb-42,1942,2,-6.2,,,,
Mar-42,1942,3,2.4,,,,
Apr-42,1942,4,9.9,,,,
May-42,1942,5,13.6,,,,
Jun-42,1942,6,19,,,,
Jul-42,1942,7,21.3,,,,
Aug-42,1942,8,20.7,,,,
Sep-42,1942,9,16.4,,,,
Oct-42,1942,10,10.8,,,,
Nov-42,1942,11,4.4,,,,
Dec-42,1942,12,-4,,,,
Jan-43,1943,1,-6.9,,,,
Feb-43,1943,2,-3.5,,,,
Mar-43,1943,3,-1.1,,,,
Apr-43,1943,4,4,,,,
May-43,1943,5,12.8,,,,
Jun-43,1943,6,20.8,,,,
Jul-43,1943,7,21.9,,,,
Aug-43,1943,8,20.5,,,,
Sep-43,1943,9,15.6,,,,
Oct-43,1943,10,9.4,,,,
Nov-43,1943,11,3.3,,,,
Dec-43,1943,12,-2.9,,,,
Jan-44,1944,1,-1.1,,,,
Feb-44,1944,2,-3.7,,,,
Mar-44,1944,3,-1.9,,,,
Apr-44,1944,4,4.8,,,,
May-44,1944,5,15.6,,,,
Jun-44,1944,6,19.1,,,,
Jul-44,1944,7,22,,,,
Aug-44,1944,8,22.3,,,,
Sep-44,1944,9,16.8,,,,
Oct-44,1944,10,10.3,,,,
Nov-44,1944,11,4.5,,,,
Dec-44,1944,12,-3.4,,,,
Jan-45,1945,1,-9.4,,,,
Feb-45,1945,2,-3.4,,,,
Mar-45,1945,3,6.2,,,,
Apr-45,1945,4,8.7,,,,
May-45,1945,5,10.3,,,,
Jun-45,1945,6,17.4,,,,
Jul-45,1945,7,20.6,,,,
Aug-45,1945,8,21,,,,
Sep-45,1945,9,16.8,,,,
Oct-45,1945,10,9.2,,,,
Nov-45,1945,11,4.4,,,,
Dec-45,1945,12,-4.2,,,,
Jan-46,1946,1,-3.4,,,,
Feb-46,1946,2,-5.2,,,,
Mar-46,1946,3,6.1,,,,
Apr-46,1946,4,7.1,,,,
May-46,1946,5,12.5,,,,
Jun-46,1946,6,18.3,,,,
Jul-46,1946,7,21.3,,,,
Aug-46,1946,8,19,,,,
Sep-46,1946,9,17.2,,,,
Oct-46,1946,10,12.3,,,,
Nov-46,1946,11,5.9,,,,
Dec-46,1946,12,-1.5,M,,,
Jan-47,1947,1,-3,,,,
Feb-47,1947,2,-5.4,T,,,
Mar-47,1947,3,-0.6,M,,,
Apr-47,1947,4,5.8,M,,,
May-47,1947,5,11.3,M,,,
Jun-47,1947,6,18.2,M,,,
Jul-47,1947,7,21.1,M,,,
Aug-47,1947,8,23,M,,,
Sep-47,1947,9,17.5,M,,,
Oct-47,1947,10,14.6,M,,,
Nov-47,1947,11,3.8,M,,,
Dec-47,1947,12,-2.7,M,,,
Jan-48,1948,1,-7.3,,,,
Feb-48,1948,2,-5,M,,,
Mar-48,1948,3,0.1,M,,,
Apr-48,1948,4,8.5,M,,,
May-48,1948,5,11.9,M,,,
Jun-48,1948,6,18.8,M,,,
Jul-48,1948,7,22,M,,,
Aug-48,1948,8,21.7,M,,,
Sep-48,1948,9,19,M,,,
Oct-48,1948,10,9.4,M,,,
Nov-48,1948,11,7.5,,,,
Dec-48,1948,12,-0.4,,,,
Jan-49,1949,1,-1.6,M,,,
Feb-49,1949,2,-1.4,M,,,
Mar-49,1949,3,0.4,M,,,
Apr-49,1949,4,7.7,M,,,
May-49,1949,5,14.7,M,,,
Jun-49,1949,6,22.4,M,,,
Jul-49,1949,7,23.3,M,,,
Aug-49,1949,8,22.8,M,,,
Sep-49,1949,9,15.1,M,,,
Oct-49,1949,10,13.1,,,,
Nov-49,1949,11,2.9,M,,,
Dec-49,1949,12,0.2,,,,
Jan-50,1950,1,-0.1,,,,
Feb-50,1950,2,-4.6,M,,,
Mar-50,1950,3,-2.2,M,,,
Apr-50,1950,4,4.6,M,,,
May-50,1950,5,13.2,M,,,
Jun-50,1950,6,18.3,M,,,
Jul-50,1950,7,20.8,M,,,
Aug-50,1950,8,20.4,M,,,
Sep-50,1950,9,15.5,M,,,
Oct-50,1950,10,12.2,,,,
Nov-50,1950,11,3.7,T,,,
Dec-50,1950,12,-1.9,,,,
Jan-51,1951,1,-2.6,M,,,
Feb-51,1951,2,-2.5,M,,,
Mar-51,1951,3,1.8,M,,,
Apr-51,1951,4,7.6,M,,,
May-51,1951,5,14.8,M,,,
Jun-51,1951,6,18.7,M,,,
Jul-51,1951,7,21.9,M,,,
Aug-51,1951,8,20.5,M,,,
Sep-51,1951,9,16.7,M,,,
Oct-51,1951,10,11.4,M,,,
Nov-51,1951,11,1.7,M,,,
Dec-51,1951,12,-1.7,,,,
Jan-52,1952,1,-2.6,T,,,
Feb-52,1952,2,-1.8,M,,,
Mar-52,1952,3,0.2,M,,,
Apr-52,1952,4,9.8,M,,,
May-52,1952,5,12.7,M,,,
Jun-52,1952,6,19.7,M,,,
Jul-52,1952,7,23.5,M,,,
Aug-52,1952,8,20.8,M,,,
Sep-52,1952,9,18,M,,,
Oct-52,1952,10,8.5,M,,,
Nov-52,1952,11,5.7,M,,,
Dec-52,1952,12,1,M,,,
Jan-53,1953,1,-1.3,T,,,
Feb-53,1953,2,-0.8,M,,,
Mar-53,1953,3,2.5,M,,,
Apr-53,1953,4,7,M,,,
May-53,1953,5,13.8,M,,,
Jun-53,1953,6,19.6,M,,,
Jul-53,1953,7,22.3,M,,,
Aug-53,1953,8,22,M,,,
Sep-53,1953,9,17.4,M,,,
Oct-53,1953,10,12,M,,,
Nov-53,1953,11,6.8,M,,,
Dec-53,1953,12,1.1,,,,
Jan-54,1954,1,-6,M,,,
Feb-54,1954,2,0.5,T,,,
Mar-54,1954,3,0,M,,,
Apr-54,1954,4,7.9,M,,,
May-54,1954,5,12.5,M,,,
Jun-54,1954,6,19.9,M,,,
Jul-54,1954,7,21.5,M,,,
Aug-54,1954,8,20.1,M,,,
Sep-54,1954,9,16.5,M,,,
Oct-54,1954,10,12,M,,,
Nov-54,1954,11,5.3,M,,,
Dec-54,1954,12,-1.8,M,,,
Jan-55,1955,1,-3.9,,,,
Feb-55,1955,2,-3,,,,
Mar-55,1955,3,0.2,,,,
Apr-55,1955,4,10.5,,,,
May-55,1955,5,15.5,,,,
Jun-55,1955,6,20.2,,,,
Jul-55,1955,7,24.6,,,,
Aug-55,1955,8,23.5,,,,
Sep-55,1955,9,16.9,,,,
Oct-55,1955,10,12.2,T,,,
Nov-55,1955,11,3.7,T,,,
Dec-55,1955,12,-3.8,,,,
Jan-56,1956,1,-3.9,T,,,
Feb-56,1956,2,-2.2,T,,,
Mar-56,1956,3,-0.9,,,,
Apr-56,1956,4,5.5,,,,
May-56,1956,5,11.1,,,,
Jun-56,1956,6,19.2,,,,
Jul-56,1956,7,20.4,,,,
Aug-56,1956,8,20.2,,,,
Sep-56,1956,9,14.4,,,,
Oct-56,1956,10,12.2,,,,
Nov-56,1956,11,5.2,,,,
Dec-56,1956,12,0.1,,,,
Jan-57,1957,1,-6.5,,,,
Feb-57,1957,2,-1.4,,,,
Mar-57,1957,3,2.2,,,,
Apr-57,1957,4,8.6,,,,
May-57,1957,5,12.6,,,,
Jun-57,1957,6,20,,,,
Jul-57,1957,7,21.5,,,,
Aug-57,1957,8,20.2,,,,
Sep-57,1957,9,16.8,M,,,
Oct-57,1957,10,10.4,,,,
Nov-57,1957,11,5.6,T,,,
Dec-57,1957,12,1.2,,,,
Jan-58,1958,1,-3.8,T,,,
Feb-58,1958,2,-6.2,,,,
Mar-58,1958,3,2.6,,,,
Apr-58,1958,4,9.1,,,,
May-58,1958,5,12.7,,,,
Jun-58,1958,6,16.4,,,,
Jul-58,1958,7,21.6,,,,
Aug-58,1958,8,20.8,,,,
Sep-58,1958,9,17.1,,,,
Oct-58,1958,10,10.8,,,,
Nov-58,1958,11,5.3,T,,,
Dec-58,1958,12,-5.2,,,,
Jan-59,1959,1,-5.8,,,,
Feb-59,1959,2,-5.7,T,,,
Mar-59,1959,3,-0.6,,,,
Apr-59,1959,4,8.1,,,,
May-59,1959,5,14.5,,,,
Jun-59,1959,6,20.3,,,,
Jul-59,1959,7,22.9,,,,
Aug-59,1959,8,24.2,,,,
Sep-59,1959,9,19.3,,,,
Oct-59,1959,10,10.4,,,,
Nov-59,1959,11,3,,,,
Dec-59,1959,12,-0.2,,,,
Jan-60,1960,1,-3.5,,,,
Feb-60,1960,2,-2.9,,,,
Mar-60,1960,3,-3.8,,,,
Apr-60,1960,4,8,,,,
May-60,1960,5,13.9,,,,
Jun-60,1960,6,18.6,,,,
Jul-60,1960,7,20.9,,,,
Aug-60,1960,8,21.1,,,,
Sep-60,1960,9,18.6,,,,
Oct-60,1960,10,11,,,,
Nov-60,1960,11,6.6,,,,
Dec-60,1960,12,-3.9,,,,<31
Jan-61,1961,1,-6.4,T,,,<31
Feb-61,1961,2,-1.2,,,,<31
Mar-61,1961,3,1.2,,,,<31
Apr-61,1961,4,5.4,,,,<31
May-61,1961,5,12.4,,,,<31
Jun-61,1961,6,18.1,,27,,48
Jul-61,1961,7,21.9,,,,<31
Aug-61,1961,8,21.4,,,,<31
Sep-61,1961,9,20.4,,,,<31
Oct-61,1961,10,13,,,,<31
Nov-61,1961,11,4.8,,,,<31
Dec-61,1961,12,-1.2,,,,
Jan-62,1962,1,-5.4,,,,
Feb-62,1962,2,-6.2,,,,
Mar-62,1962,3,1.4,,,,
Apr-62,1962,4,7.9,,,,
May-62,1962,5,16.4,,,,
Jun-62,1962,6,19.6,,,,
Jul-62,1962,7,20.6,,,,
Aug-62,1962,8,21.2,,,,
Sep-62,1962,9,15.7,,,,
Oct-62,1962,10,11.4,,,,
Nov-62,1962,11,4.1,,,,
Dec-62,1962,12,-2.7,,,,
Jan-63,1963,1,-6.9,,,,
Feb-63,1963,2,-7.5,,,,
Mar-63,1963,3,2,,,,
Apr-63,1963,4,8,,,,
May-63,1963,5,12.6,,,,
Jun-63,1963,6,19.8,,,,
Jul-63,1963,7,22.3,,,,
Aug-63,1963,8,19.6,,,,
Sep-63,1963,9,15,,,,
Oct-63,1963,10,14.6,T,,,
Nov-63,1963,11,7.3,,,,
Dec-63,1963,12,-5.3,T,,,
Jan-64,1964,1,-1.8,,,,
Feb-64,1964,2,-3.2,T,,,
Mar-64,1964,3,0.7,,,,
Apr-64,1964,4,7,,,,
May-64,1964,5,15.6,,,,
Jun-64,1964,6,18.8,,,,
Jul-64,1964,7,23,,,,
Aug-64,1964,8,18.6,,,,
Sep-64,1964,9,16.3,,,,
Oct-64,1964,10,10,,,,
Nov-64,1964,11,5.8,,,,
Dec-64,1964,12,-1.1,,,,
Jan-65,1965,1,-5.1,,,,
Feb-65,1965,2,-4.2,,,,
Mar-65,1965,3,-0.8,,,,
Apr-65,1965,4,5.4,,,,
May-65,1965,5,15.3,,,,
Jun-65,1965,6,18.5,,,,
Jul-65,1965,7,19.6,,,,
Aug-65,1965,8,19.9,,,,
Sep-65,1965,9,16.9,,,,
Oct-65,1965,10,9.3,T,,,
Nov-65,1965,11,4.5,T,,,
Dec-65,1965,12,1.3,,,,
Jan-66,1966,1,-5.9,,,,
Feb-66,1966,2,-3,,,,
Mar-66,1966,3,2.1,,,,
Apr-66,1966,4,6.4,,,,
May-66,1966,5,11,,,,
Jun-66,1966,6,20.1,,,,
Jul-66,1966,7,23.2,,,,
Aug-66,1966,8,21,,,,
Sep-66,1966,9,15.9,,,,
Oct-66,1966,10,9.9,,,,
Nov-66,1966,11,5.6,,,,
Dec-66,1966,12,-1.7,,,,
Jan-67,1967,1,-1,,,,
Feb-67,1967,2,-6.6,,,,
Mar-67,1967,3,-0.6,,,,
Apr-67,1967,4,7.3,,,,
May-67,1967,5,10.2,,,,
Jun-67,1967,6,20.9,,,,
Jul-67,1967,7,20.9,,,,
Aug-67,1967,8,19.9,,,,
Sep-67,1967,9,16.1,,,,
Oct-67,1967,10,10.5,,,,
Nov-67,1967,11,2.6,,,,
Dec-67,1967,12,-0.1,,,,
Jan-68,1968,1,-6.2,,,,
Feb-68,1968,2,-5.9,,,,
Mar-68,1968,3,2.1,,,,
Apr-68,1968,4,9.3,,,,
May-68,1968,5,11.5,,,,
Jun-68,1968,6,18.1,,,,
Jul-68,1968,7,21.5,,,,
Aug-68,1968,8,20.9,,,,
Sep-68,1968,9,18.7,,,,
Oct-68,1968,10,12.2,T,,,
Nov-68,1968,11,4.3,,,,
Dec-68,1968,12,-3,T,,,
Jan-69,1969,1,-4.1,,,,
Feb-69,1969,2,-2.6,,,,
Mar-69,1969,3,-0.2,,,,
Apr-69,1969,4,8.4,,,,
May-69,1969,5,13.1,,,,
Jun-69,1969,6,17.5,,,,
Jul-69,1969,7,22.2,,,,
Aug-69,1969,8,23,,,,
Sep-69,1969,9,17.8,,,,
Oct-69,1969,10,10.6,,,,
Nov-69,1969,11,4.8,,,,
Dec-69,1969,12,-3.4,,,,
Jan-70,1970,1,-7.4,,,,
Feb-70,1970,2,-4.5,,,,
Mar-70,1970,3,-0.3,,,,
Apr-70,1970,4,8.4,,,,
May-70,1970,5,13.6,,,,
Jun-70,1970,6,19.6,,,,
Jul-70,1970,7,22.5,,,,
Aug-70,1970,8,22.2,,,,
Sep-70,1970,9,17.7,,,,
Oct-70,1970,10,12.3,,,,
Nov-70,1970,11,6.3,,,,
Dec-70,1970,12,-3,,,,
Jan-71,1971,1,-6.8,,,,
Feb-71,1971,2,-2.8,T,,,
Mar-71,1971,3,-0.7,,,,
Apr-71,1971,4,6.2,,,,
May-71,1971,5,13.5,,,,
Jun-71,1971,6,19.7,,,,
Jul-71,1971,7,21.4,,,,
Aug-71,1971,8,20.8,,,,
Sep-71,1971,9,19.2,,,,
Oct-71,1971,10,14.5,M,,,
Nov-71,1971,11,4.4,,,,
Dec-71,1971,12,0.8,,,,
Jan-72,1972,1,-3.5,,,,
Feb-72,1972,2,-4.8,T,,,
Mar-72,1972,3,-1.8,,,,
Apr-72,1972,4,5.3,,,,
May-72,1972,5,15.3,,,,
Jun-72,1972,6,17.5,,,,
Jul-72,1972,7,22.3,,,,
Aug-72,1972,8,20.6,,,,
Sep-72,1972,9,17.9,,,,
Oct-72,1972,10,8.8,,,,
Nov-72,1972,11,3.4,T,,,
Dec-72,1972,12,-0.7,,,,
Jan-73,1973,1,-2.2,M,,,
Feb-73,1973,2,-4.9,M,,,
Mar-73,1973,3,4.9,M,,,
Apr-73,1973,4,7.8,,,,
May-73,1973,5,12,,,,
Jun-73,1973,6,20,,,,
Jul-73,1973,7,22.9,,,,
Aug-73,1973,8,23.7,,,,
Sep-73,1973,9,17.9,,,,
Oct-73,1973,10,12.7,,,,
Nov-73,1973,11,5.5,,,,
Dec-73,1973,12,-1.9,,,,
Jan-74,1974,1,-3,,,,
Feb-74,1974,2,-5.4,,,,
Mar-74,1974,3,0.5,,,,
Apr-74,1974,4,8.8,,,,
May-74,1974,5,11.8,,,,
Jun-74,1974,6,18.2,,,,
Jul-74,1974,7,22.4,,,,
Aug-74,1974,8,22.1,,,,
Sep-74,1974,9,15.8,M,,,
Oct-74,1974,10,9.1,M,,,
Nov-74,1974,11,5,,,,
Dec-74,1974,12,1.3,,,,
Jan-75,1975,1,-1,,,,
Feb-75,1975,2,-1.8,T,,,
Mar-75,1975,3,-0.6,,,,
Apr-75,1975,4,4.4,,,,
May-75,1975,5,17,,,,
Jun-75,1975,6,20.1,,,,
Jul-75,1975,7,23.3,,,,
Aug-75,1975,8,21.8,,,,
Sep-75,1975,9,15.4,,,,
Oct-75,1975,10,12,,,,
Nov-75,1975,11,8.5,,,,
Dec-75,1975,12,-2.3,,,,
Jan-76,1976,1,-6.4,,,,
Feb-76,1976,2,-0.1,,,,
Mar-76,1976,3,2,,,,
Apr-76,1976,4,9.3,,,,
May-76,1976,5,12.4,,,,
Jun-76,1976,6,20.9,,,,
Jul-76,1976,7,20.6,,,,
Aug-76,1976,8,20.7,,,,
Sep-76,1976,9,16.5,,,,
Oct-76,1976,10,8.4,T,,,
Nov-76,1976,11,2.2,,,,
Dec-76,1976,12,-5,,,,
Jan-77,1977,1,-9.1,T,,,
Feb-77,1977,2,-3.8,,,,
Mar-77,1977,3,4.1,,,,
Apr-77,1977,4,8.9,,,,
May-77,1977,5,16.5,,,,
Jun-77,1977,6,18.6,,,,
Jul-77,1977,7,22.3,,,,
Aug-77,1977,8,20.4,,,,
Sep-77,1977,9,17.2,,,,
Oct-77,1977,10,10.3,,,,
Nov-77,1977,11,5.9,T,,,
Dec-77,1977,12,-2,,,,
Jan-78,1978,1,-6.7,,,,
Feb-78,1978,2,-6.8,,,,
Mar-78,1978,3,-1.3,,,,
Apr-78,1978,4,5.9,,,,
May-78,1978,5,14.4,,,,
Jun-78,1978,6,18.5,,,,
Jul-78,1978,7,21.5,,,,
Aug-78,1978,8,21.1,,,,
Sep-78,1978,9,16.5,,,,
Oct-78,1978,10,10.1,,,,
Nov-78,1978,11,4.6,,,,
Dec-78,1978,12,-0.9,,,,
Jan-79,1979,1,-6,,,,
Feb-79,1979,2,-8.8,,,,
Mar-79,1979,3,2.9,,,,
Apr-79,1979,4,6.6,M,,,
May-79,1979,5,12.7,M,,,
Jun-79,1979,6,18.3,M,,,
Jul-79,1979,7,21.9,M,,,
Aug-79,1979,8,19.9,M,,,
Sep-79,1979,9,16.7,,,,
Oct-79,1979,10,9.5,T,,,
Nov-79,1979,11,5.4,,,,
Dec-79,1979,12,0.3,T,,,
Jan-80,1980,1,-3.6,T,,,
Feb-80,1980,2,-5.7,,,,
Mar-80,1980,3,-0.1,M,,,
Apr-80,1980,4,7.8,M,,,
May-80,1980,5,15.5,,,,
Jun-80,1980,6,16.1,,,,
Jul-80,1980,7,21.9,M,,,
Aug-80,1980,8,22.5,M,,,
Sep-80,1980,9,16.9,M,,,
Oct-80,1980,10,8.6,T,,,
Nov-80,1980,11,3.5,,,,
Dec-80,1980,12,-4.3,,,,
Jan-81,1981,1,-7.9,,,,
Feb-81,1981,2,-0.4,,,,
Mar-81,1981,3,1.9,M,,,
Apr-81,1981,4,8.3,M,,,
May-81,1981,5,13.3,M,,,
Jun-81,1981,6,18.9,,,,
Jul-81,1981,7,22.2,M,,,
Aug-81,1981,8,20.8,,,,
Sep-81,1981,9,16.1,M,,,
Oct-81,1981,10,8.3,T,,,
Nov-81,1981,11,5.1,,,,
Dec-81,1981,12,-1.1,,,,
Jan-82,1982,1,-7.8,,,,
Feb-82,1982,2,-4.7,,,,
Mar-82,1982,3,0.2,,,,
Apr-82,1982,4,5.9,,,,
May-82,1982,5,15.2,M,,,
Jun-82,1982,6,16.6,M,,,
Jul-82,1982,7,22.2,M,,,
Aug-82,1982,8,18.8,,,,
Sep-82,1982,9,16.1,M,,,
Oct-82,1982,10,11.3,,,,
Nov-82,1982,11,5.6,T,,,
Dec-82,1982,12,2.3,,,,
Jan-83,1983,1,-2.3,,,,
Feb-83,1983,2,-1.5,T,,,
Mar-83,1983,3,2.2,,,,
Apr-83,1983,4,6.9,,,,
May-83,1983,5,11.3,,,,
Jun-83,1983,6,20,,,,
Jul-83,1983,7,23.4,,,,
Aug-83,1983,8,22.4,,,,
Sep-83,1983,9,18.2,,,,
Oct-83,1983,10,10.9,,,,
Nov-83,1983,11,4.5,,,,
Dec-83,1983,12,-4.2,,,,
Jan-84,1984,1,-6.6,,,,
Feb-84,1984,2,0.5,,,,
Mar-84,1984,3,-2.6,,,,
Apr-84,1984,4,8.2,,,,
May-84,1984,5,11.7,,,,
Jun-84,1984,6,19.7,,,,
Jul-84,1984,7,21.2,,,,
Aug-84,1984,8,22.3,M,,,
Sep-84,1984,9,15.6,,,,
Oct-84,1984,10,12,,,,
Nov-84,1984,11,4.8,,,,
Dec-84,1984,12,1.7,,,,
Jan-85,1985,1,-6.2,T,,,
Feb-85,1985,2,-3.5,,,,
Mar-85,1985,3,2.1,,,,
Apr-85,1985,4,8.6,,,,
May-85,1985,5,14.7,,,,
Jun-85,1985,6,17.1,,,,
Jul-85,1985,7,21,,,,
Aug-85,1985,8,20.5,,,,
Sep-85,1985,9,18.4,,,,
Oct-85,1985,10,11.4,,,,
Nov-85,1985,11,4.8,,,,
Dec-85,1985,12,-3.2,,,,
Jan-86,1986,1,-3.9,,,,
Feb-86,1986,2,-4.4,,,,
Mar-86,1986,3,2,,,,
Apr-86,1986,4,9.3,,,,
May-86,1986,5,15.8,,,,
Jun-86,1986,6,17.8,,,,
Jul-86,1986,7,22,,,,
Aug-86,1986,8,20,,,,
Sep-86,1986,9,16,,,,
Oct-86,1986,10,10.6,,,,
Nov-86,1986,11,3.4,,,,
Dec-86,1986,12,0.4,,,,
Jan-87,1987,1,-2.5,,,,
Feb-87,1987,2,-3.2,,,,
Mar-87,1987,3,3.6,,,,
Apr-87,1987,4,10.3,,,,
May-87,1987,5,15.8,,,,
Jun-87,1987,6,20.8,,,,
Jul-87,1987,7,23.7,,,,
Aug-87,1987,8,21.1,,,,
Sep-87,1987,9,17,,,,
Oct-87,1987,10,8.8,,,,
Nov-87,1987,11,5,T,,,
Dec-87,1987,12,1.2,,,,
Jan-88,1988,1,-3.1,,,,
Feb-88,1988,2,-4.1,,,,
Mar-88,1988,3,0.9,,,,
Apr-88,1988,4,7.3,,,,
May-88,1988,5,15.2,,,,
Jun-88,1988,6,19.7,,,,
Jul-88,1988,7,24.2,,,,
Aug-88,1988,8,22.7,,,,
Sep-88,1988,9,16.6,,,,
Oct-88,1988,10,8.7,,,,
Nov-88,1988,11,6,,,,
Dec-88,1988,12,-1,,,,
Jan-89,1989,1,-0.4,,,,
Feb-89,1989,2,-4.5,,,,
Mar-89,1989,3,-0.8,,,,
Apr-89,1989,4,6.2,,,,
May-89,1989,5,14.2,,,,
Jun-89,1989,6,19.4,,,,
Jul-89,1989,7,23.1,,,,
Aug-89,1989,8,21.2,,,,
Sep-89,1989,9,17.2,,,,
Oct-89,1989,10,11.1,,,,
Nov-89,1989,11,3.7,,,,
Dec-89,1989,12,-7.8,,,,
Jan-90,1990,1,0.5,,,,
Feb-90,1990,2,-2,,,,
Mar-90,1990,3,2,,,,
Apr-90,1990,4,9.5,,,,
May-90,1990,5,12.7,,,,
Jun-90,1990,6,19.3,,,,
Jul-90,1990,7,22.1,,,,
Aug-90,1990,8,21.6,,,,
Sep-90,1990,9,16.9,,,,
Oct-90,1990,10,10.7,,,,
Nov-90,1990,11,6,,,,
Dec-90,1990,12,0.7,,,,
Jan-91,1991,1,-3.9,,,,
Feb-91,1991,2,-0.7,,,,
Mar-91,1991,3,2.6,,,,
Apr-91,1991,4,9.3,,,,
May-91,1991,5,17.1,,,,
Jun-91,1991,6,21.3,,,,
Jul-91,1991,7,22.8,,,,
Aug-91,1991,8,22.5,,,,
Sep-91,1991,9,17.1,,,,
Oct-91,1991,10,11.6,,,,
Nov-91,1991,11,4.2,,,,
Dec-91,1991,12,-0.5,T,,,
Jan-92,1992,1,-2.7,,,,
Feb-92,1992,2,-2,,,,
Mar-92,1992,3,0,,,,
Apr-92,1992,4,6.6,,,,
May-92,1992,5,13.9,,,,
Jun-92,1992,6,17.5,,,,
Jul-92,1992,7,19,,,,
Aug-92,1992,8,19.1,,,,
Sep-92,1992,9,16.4,,,,
Oct-92,1992,10,9.1,,,,
Nov-92,1992,11,4.4,,,,
Dec-92,1992,12,0.4,,,,
Jan-93,1993,1,-2.2,,,,
Feb-93,1993,2,-6.2,,,,
Mar-93,1993,3,0,,,,
Apr-93,1993,4,7.8,,,,
May-93,1993,5,13.7,,,,
Jun-93,1993,6,18.3,,,,
Jul-93,1993,7,22.8,,,,
Aug-93,1993,8,22.5,,,,
Sep-93,1993,9,15.2,,,,
Oct-93,1993,10,9.5,,,,
Nov-93,1993,11,4.5,T,,,
Dec-93,1993,12,-0.6,,,,
Jan-94,1994,1,-10,,,,
Feb-94,1994,2,-6,,,,
Mar-94,1994,3,0.9,,,,
Apr-94,1994,4,8.2,,,,
May-94,1994,5,12.8,,,,
Jun-94,1994,6,19.9,,,,
Jul-94,1994,7,22.6,,,,
Aug-94,1994,8,20.3,,,,
Sep-94,1994,9,17.4,,,,
Oct-94,1994,10,11.5,,,,
Nov-94,1994,11,7.1,,,,
Dec-94,1994,12,1.6,,,,
Jan-95,1995,1,-1.3,,,,
Feb-95,1995,2,-5.4,,,,
Mar-95,1995,3,3.4,,,,
Apr-95,1995,4,5.4,,,,
May-95,1995,5,14.2,,,,
Jun-95,1995,6,20.8,,,,
Jul-95,1995,7,22.8,,,,
Aug-95,1995,8,23.1,,,,
Sep-95,1995,9,15.9,,,,
Oct-95,1995,10,12.3,T,,,
Nov-95,1995,11,2.5,,,,
Dec-95,1995,12,-3.3,,,,
Jan-96,1996,1,-4.7,T,,,
Feb-96,1996,2,-3.8,,,,
Mar-96,1996,3,-0.9,,,,
Apr-96,1996,4,5.7,,,,
May-96,1996,5,12.8,,,,
Jun-96,1996,6,19.3,,,,
Jul-96,1996,7,20.9,,,,
Aug-96,1996,8,22.1,,,,
Sep-96,1996,9,17.8,,,,
Oct-96,1996,10,10.6,T,,,
Nov-96,1996,11,2.4,,,,
Dec-96,1996,12,1.2,,,,
Jan-97,1997,1,-4.6,,,,
Feb-97,1997,2,-1,,,,
Mar-97,1997,3,0.6,,,,
Apr-97,1997,4,7.1,,,,
May-97,1997,5,10.9,,,,
Jun-97,1997,6,20.6,,,,
Jul-97,1997,7,21.6,,,,
Aug-97,1997,8,20.2,,,,
Sep-97,1997,9,16.9,,,,
Oct-97,1997,10,10.8,,,,
Nov-97,1997,11,3.9,T,,,
Dec-97,1997,12,0.8,,,,
Jan-98,1998,1,-0.7,,,,
Feb-98,1998,2,1.4,,,,
Mar-98,1998,3,3.5,,,,
Apr-98,1998,4,9.8,,,,
May-98,1998,5,18,,,,
Jun-98,1998,6,19.6,,,,
Jul-98,1998,7,22.3,,,,
Aug-98,1998,8,22.7,,,,
Sep-98,1998,9,19.4,,,,
Oct-98,1998,10,12.2,,,,
Nov-98,1998,11,6.3,T,,,
Dec-98,1998,12,2.3,,,,
Jan-99,1999,1,-4.4,T,,,
Feb-99,1999,2,-0.1,,,,
Mar-99,1999,3,1.7,,,,
Apr-99,1999,4,8.9,,,,
May-99,1999,5,16.4,,,,
Jun-99,1999,6,21.1,,,,
Jul-99,1999,7,24.7,,,,
Aug-99,1999,8,20.9,,,,
Sep-99,1999,9,19.1,,,,
Oct-99,1999,10,10.8,,,,
Nov-99,1999,11,6.8,,,,
Dec-99,1999,12,1,,,,
Jan-00,2000,1,-4,,,,
Feb-00,2000,2,-0.8,,,,
Mar-00,2000,3,5.4,,,,
Apr-00,2000,4,7.5,,,,
May-00,2000,5,15.2,,,,
Jun-00,2000,6,18.7,,,,
Jul-00,2000,7,20.9,,,,
Aug-00,2000,8,21.3,,,,
Sep-00,2000,9,16.9,,,,
Oct-00,2000,10,12,,,,
Nov-00,2000,11,5.1,,,,
Dec-00,2000,12,-4.9,,,,
Jan-01,2001,1,-2.2,,,,
Feb-01,2001,2,-1.7,,,,
Mar-01,2001,3,1,,,,
Apr-01,2001,4,9.1,,,,
May-01,2001,5,15.2,,,,
Jun-01,2001,6,20.4,,,,
Jul-01,2001,7,21.4,,,,
Aug-01,2001,8,23.9,,,,
Sep-01,2001,9,17.6,,,,
Oct-01,2001,10,11.5,,,,
Nov-01,2001,11,8.2,,,,
Dec-01,2001,12,3.2,,,,
Jan-02,2002,1,0.9,T,,,
Feb-02,2002,2,-0.2,,,,
Mar-02,2002,3,1.7,,,,
Apr-02,2002,4,8.3,,,,
May-02,2002,5,12.2,,,,
Jun-02,2002,6,19.7,,,,
Jul-02,2002,7,24.5,,,,
Aug-02,2002,8,22.9,,,,
Sep-02,2002,9,20.8,,,,
Oct-02,2002,10,10.3,,,,
Nov-02,2002,11,4.3,,,,
Dec-02,2002,12,-0.6,,,,
Jan-03,2003,1,-6.1,,,,
Feb-03,2003,2,-5.1,,,,
Mar-03,2003,3,0.9,,,,
Apr-03,2003,4,6.2,,,,
May-03,2003,5,13.1,,,,
Jun-03,2003,6,18.7,,,,
Jul-03,2003,7,,,,,
Aug-03,2003,8,,,,,
Sep-03,2003,9,,,,,
Oct-03,2003,10,,,,,
Nov-03,2003,11,,,,,
Dec-03,2003,12,,,,,
Jan-04,2004,1,,,,,
Feb-04,2004,2,,,,,
Mar-04,2004,3,,,,,
Apr-04,2004,4,,,,,
May-04,2004,5,,,,,
Jun-04,2004,6,,,,,
Jul-04,2004,7,,,,,
Aug-04,2004,8,,,,,
Sep-04,2004,9,,,,,
Oct-04,2004,10,,,,,
Nov-04,2004,11,,,,,
Dec-04,2004,12,,,,,
Jan-05,2005,1,,,,,
Feb-05,2005,2,,,,,
Mar-05,2005,3,,,,,
Apr-05,2005,4,,,,,
May-05,2005,5,,,,,
Jun-05,2005,6,,,,,
Jul-05,2005,7,,,,,
Aug-05,2005,8,,,,,
Sep-05,2005,9,,,,,
Oct-05,2005,10,,,,,
Nov-05,2005,11,,,,,
Dec-05,2005,12,,,,,
Jan-06,2006,1,,,,,
Feb-06,2006,2,,,,,
Mar-06,2006,3,,,,,
Apr-06,2006,4,,,,,
May-06,2006,5,,,,,
Jun-06,2006,6,,,,,
Jul-06,2006,7,,,,,
Aug-06,2006,8,,,,,
Sep-06,2006,9,,,,,
Oct-06,2006,10,,,,,
Nov-06,2006,11,,,,,
Dec-06,2006,12,,,,,
